ticker,source,source_message_id,timestamp,raw_text,sentiment_score,label,scored_by
AAPL,stocktwits,658724328,2026-07-10T03:21:19Z,$META $DELL $AAPL,,,
AAPL,stocktwits,658724285,2026-07-10T03:19:49Z,$AAPL - Stock is approaching all time highs $317.40. high watch for possible retest of highs.  if fails below $315 we can see retest of $305 and $300 level. Above $317.40 we can see $325 and higher.  Stock is strong at indicator levels.,,,
AAPL,stocktwits,658724084,2026-07-10T03:13:42Z,"$QQQ $SPY  $NVDA $AAPL AMZN GOOGL TSLA MSFT  
 
0 DTE&#39;s",,,
AAPL,stocktwits,658723989,2026-07-10T03:10:38Z,"Trade Ideas | 7/10/26 

These trade ideas are shared to provide structure, not signals.
Use them as areas of interest and allow price action to confirm your thesis before entering. Every trade should align with your own plan, risk management, and execution criteria.
Remember:
• Wait for confirmation.
• Define your risk.
• Don&#39;t chase price.
Market conditions can change quickly, and all entries are subject to change.
$TSLA $AAPL $META",,,
AAPL,stocktwits,658723880,2026-07-10T03:07:32Z,$AAPL $320 tomorrow,,,
AAPL,stocktwits,658722424,2026-07-10T02:25:28Z,"$AAPL Support / Resistance Levels 
 
If the POC area around 314.74 doesn&#39;t hold watch for a retest of 312.91. If it does then next stop higher is a retest of the 317.40 high from Jun 26th. 
 
Larger Image: https://s3.tradingview.com/snapshots/p/piaqo3Ug.png",,,
AAPL,stocktwits,658722257,2026-07-10T02:20:34Z,"$AAPL  🛑🛑I sure hope you people when you walk into a restaurant. You better look at those employees  look and see what they look like   go in the kitchen and see who is preparing your food.  because the white people are now considered the enemy those migrants and blacks you have no clue what goes on behind scenes  my young  son who told me about it at McDonald’s he told me all the shit that they do the peoples food , you won’t fucking believe it. He quit ,,  he said they go to the bathroom  take a dump  come out of the bathroom laughing  . Don’t wash their hands and then prepare your food by  hand with pot gloves. . 🤣😂😂🤣😂",,,
AAPL,stocktwits,658721976,2026-07-10T02:13:34Z,$AAPL Since When Did Companies Become Worth 5 Trillion,-1.0,bearish,stocktwits_label
AAPL,stocktwits,658721743,2026-07-10T02:06:34Z,$NVDA $AAPL $GOOGL $AMZN $META 6/5 on rate hike and here we go back into a war.,,,
AAPL,stocktwits,658721546,2026-07-10T02:00:24Z,$AAPL 🛑🛑🛑do you see what  is happening do you?,,,
AAPL,stocktwits,658721170,2026-07-10T01:50:52Z,$AAPL  and illegal immigrant,,,
AAPL,stocktwits,658720880,2026-07-10T01:43:41Z,$AAPL gap down tomorrow,-1.0,bearish,stocktwits_label
AAPL,stocktwits,658720724,2026-07-10T01:39:44Z,"$AAPL 315 is bull trap , 310 tomorrow",-1.0,bearish,stocktwits_label
AAPL,stocktwits,658720035,2026-07-10T01:23:24Z,$AAPL,1.0,bullish,stocktwits_label
AAPL,stocktwits,658719996,2026-07-10T01:22:40Z,"$baba $aapl $spy 

PrismML is a US based company using alibaba Qwen Model that can entirely run on iPhone using compression.   this is how baba will get into iPhones?",,,
AAPL,stocktwits,658719859,2026-07-10T01:19:35Z,"$BABA $AAPL  $SPY 

Tim Cook says he wants to work on getting Baba AI on apple iPhones ( for China) before his term ends.  He has the pull with both china and U.S.",1.0,bullish,stocktwits_label
AAPL,stocktwits,658716641,2026-07-10T00:11:41Z,at this point $AAPL should buy $NFLX and create apple prime for entertainment …,,,
AAPL,stocktwits,658715004,2026-07-09T23:38:56Z,$AAPL apparently your rankings are way off  are you referring as of now? because apple has outperformed them all  how many others are on the cusp in reaching their 52 week high?,,,
AAPL,stocktwits,658713498,2026-07-09T23:06:18Z,$AAPL 300 open gap. Lootn shoorn,-1.0,bearish,stocktwits_label
AAPL,stocktwits,658713080,2026-07-09T22:58:14Z,$AAPL Love my Apple&#39;s!,1.0,bullish,stocktwits_label
AAPL,stocktwits,658712794,2026-07-09T22:53:11Z,$AAPL Bullish,1.0,bullish,stocktwits_label
AAPL,stocktwits,658712377,2026-07-09T22:44:50Z,"$AAPL Here is a much less bullish view from my previous post. The uptrend legs from the July 8 wave 4 low chart better as &#39;3s&#39; making this look like a wave 5 ending diagonal in progress. If so, we just need a small wave 4 and 5 to complete this crap show on Friday. We were less than a dollar away from the all time high today so even in a diagonal scenario, I would expect a new marginal all time high to be put in tomorrow.. I&#39;m leaning towards this chart unless we immediately gap higher tomorrow morning at the open. If it continues to look like a diagonal, I&#39;ll be shorting tomorrow&#39;s high.",-1.0,bearish,stocktwits_label
AAPL,stocktwits,658712177,2026-07-09T22:41:03Z,"$AAPL told ya, bull flag! Next ATH ahead!",1.0,bullish,stocktwits_label
AAPL,stocktwits,658711331,2026-07-09T22:26:36Z,"Everyone ranks the Mag7 differently, but if I’m looking at a mix of growth, AI exposure, fundamentals, and upside potential, this is how I’d rank them right now: 
 
$AMZN - AI infrastructure, cloud growth, and multiple business engines. 
$NVDA - Still the AI leader, with unmatched demand for compute. 
$META - Strong execution, AI investment, and improving efficiency. 
$MSFT - Cloud + AI ecosystem remains one of the strongest stories. 
$AAPL - Great company, but growth acceleration needs to improve. 
GOOGL - Massive assets, but investors want clearer AI monetization. 
TSLA - Huge upside potential, but execution and valuation remain the debate. 
 
No list is perfect. The market changes fast, but these are the names I’d watch when thinking about risk vs reward. 
 
Want to see my highest-conviction names, portfolio moves, and trade ideas? Check my profile for more.",,,
AAPL,stocktwits,658710864,2026-07-09T22:19:02Z,"$META  
 
Lets see where this opens tomorrow 
 
0DTE tomorrow going to be crazy 
 
This, $AAPL $TSLA and $MSTR all loaded and watching tomorrow 
 
And SPY of course",,,
AAPL,stocktwits,658710172,2026-07-09T22:06:36Z,"$SPY Jesus Loves You All
#TeamHeaven #InvestInASavior 
#Future is we all go to the Grave 
#LoveYouAll $AAPL $GOOG $NIO $BTC.X  --- Invest In Heaven Before We All Go --- Love You All 🤙🤍💎 #EBOLA",-1.0,bearish,stocktwits_label
AAPL,stocktwits,658709680,2026-07-09T21:58:35Z,$AAPL same. Im loaded all throughout 310 to 300 P. All expiring tomorrow.,-1.0,bearish,stocktwits_label
AAPL,stocktwits,658709269,2026-07-09T21:52:02Z,$AAPL will  take out the 52 week high tomorrow,1.0,bullish,stocktwits_label
AAPL,stocktwits,658709055,2026-07-09T21:48:35Z,$AAPL Is it really going to ATH or triple top? Geez! Why so strong?  Been averaging down on my $307.5 and it hurts! 😅😛,-1.0,bearish,stocktwits_label
AAPL,stocktwits,658708862,2026-07-09T21:45:37Z,$AAPL all the marbles on the line. Im calling this stock being down at least 2% tomorrow,,,
ABNB,stocktwits,658715158,2026-07-09T23:41:56Z,"$ABNB 
 Weekly Breaking Out of 5 YEAR Wedge...👀🏘️ 
 
$150 King Node for Next Week, Above that it&#39;s gunning for $160 📈",,,
ABNB,stocktwits,658687577,2026-07-09T18:35:00Z,"$ABNB it is incredibly hard to make money when platforms keep shifting the goalposts. Between Airbnb taking their 15.5% cut out of your cleaning and pet fees now too, and the constant squeeze on margins, running a rental feels a lot more like a corporate finance grind than a hospitality gig.",-1.0,bearish,stocktwits_label
ABNB,stocktwits,658676230,2026-07-09T17:07:59Z,$ABNB this is about to run to 165-170 within a week,,,
ABNB,stocktwits,658671635,2026-07-09T16:32:44Z,$ABNB will they break it out here or chop it up for another year?,,,
ABNB,stocktwits,658661902,2026-07-09T15:25:46Z,$ABNB trade is locked on this POS,,,
ABNB,stocktwits,658613038,2026-07-09T00:06:34Z,"$ABNB
Current Stock Price: $142.97
Contracts to trade: $143.0 ABNB Jul 10 2026 Call
Entry: $1.54
Exit: $2.67
ROI: 73%
Hold ~27 days

Shared as daily free alerts and for educational purposes only. https://dailypickai.com/freealerts",,,
ABNB,stocktwits,658568391,2026-07-08T16:34:31Z,$ABNB added at 142,1.0,bullish,stocktwits_label
ABNB,stocktwits,658559296,2026-07-08T15:31:36Z,$ABNB,1.0,bullish,stocktwits_label
ABNB,stocktwits,658556205,2026-07-08T15:14:25Z,$ABNB nice add today at $142,,,
ABNB,stocktwits,658542635,2026-07-08T13:56:41Z,$ABNB LOL okay,,,
ABNB,stocktwits,658540090,2026-07-08T13:44:18Z,$ABNB I’m betting this is the last backtest. But this stock is a POS so I could be wrong and will cut loose quickly.,,,
ABNB,stocktwits,658538351,2026-07-08T13:36:29Z,$ABNB bought,,,
ABNB,stocktwits,658527712,2026-07-08T11:55:25Z,$ABNB $180 soon.,1.0,bullish,stocktwits_label
ABNB,stocktwits,658473980,2026-07-07T18:32:54Z,$ABNB break 150 so we can go to 180,,,
ABNB,stocktwits,658447145,2026-07-07T15:05:43Z,"$ABNB darvas box setup. Trigger: $147.27. Measured target ~+16%. 
My scanner flagged it pre-open. Watching the level.",1.0,bullish,stocktwits_label
ABNB,stocktwits,658413608,2026-07-07T10:29:43Z,$ABNB took a small position here yesterday. Travel heating up,1.0,bullish,stocktwits_label
ABNB,stocktwits,658392724,2026-07-06T23:06:03Z,$MNTS $RDW $ZS $ABNB $MU Thanks for the tip,,,
ABNB,stocktwits,658383142,2026-07-06T20:41:35Z,"Three weeks ago, I gave you: 
 
A set of market ideas, levels, or watchlist names based on the conditions at that time. 
 
$MNTS from $4.5 to $6.58 (46.22%) 
$RDW from $8.5 to $11.36 (33.65%) 
$ZS from $115 to $150.42 (30.80%) 
$ABNB from $120 to $147.65 (23.04%) 
$MU from $800 to $984.75 (23.09%) 
 
Don&#39;t wait until the move is already historical data. Fresh trading strategies and updated levels are now live on my feed. Make sure your alerts are active so you catch the next setup right at the execution zone.",,,
ABNB,stocktwits,658381085,2026-07-06T20:19:13Z,"$ABNB          Looks like an ABNB rental  lol  :)  
https://x.com/TaraBull/status/2073904630933619052?s=20",-1.0,bearish,stocktwits_label
ABNB,stocktwits,658314333,2026-07-06T08:25:09Z,$ABNB $180 soon.,1.0,bullish,stocktwits_label
ABNB,stocktwits,658305480,2026-07-06T00:51:02Z,"$ABNB the world cup is making this go parabolic, so much profits $BKNG $TCOM $TRIP",1.0,bullish,stocktwits_label
ABNB,stocktwits,658300849,2026-07-05T22:51:03Z,"$ABNB forming a massive 5-year IPO base.  
 
Monthly moving averages are getting incredibly coiled as volume dries off.  
 
Not a ton of eyes on this setup yet, but the travel sector has been heating up recently.  
 
Could be positioning for a big move if it clears $150.2.",,,
ABNB,stocktwits,658283548,2026-07-05T02:46:48Z,"$ABNB do with this information, what you will.",,,
ABNB,stocktwits,658263744,2026-07-04T01:24:31Z,$ABNB,1.0,bullish,stocktwits_label
ABNB,stocktwits,658259652,2026-07-03T21:45:31Z,$ABNB Could this finally break out this month? Looks great if it does! Added to the long term portfolio,1.0,bullish,stocktwits_label
ABNB,stocktwits,658250800,2026-07-03T16:02:00Z,$AMD $META Mental gymnastics? Is that what you call market innovation? $UBER saw a market need when they introduced their app and created a multi billion dollar industry. Turo did the same when they made a market place available for people rent personal vehicles to others. $ABNB did the same with making it easier for landlords to rent out properties for short stays. This is what you call innovation and emerging markets. When there is demand is when opportunities are ripe for new/existing markets and new pioneering idea&#39;s grow.,1.0,bullish,stocktwits_label
ABNB,stocktwits,658247725,2026-07-03T14:26:07Z,$ABNB Should be at 300,1.0,bullish,stocktwits_label
ABNB,stocktwits,658173487,2026-07-02T15:43:45Z,$ABNB if you want to follow this big trader https://x.com/Altjxcx1990/status/2072707727327924659?s=20,,,
ABNB,stocktwits,658043092,2026-07-01T15:16:23Z,"$TZOO $EXPE $BKNG $ABNB Put Travelzoo on your watchlist. It will make a third run to 100 for various reasons. They are locking up the shares with over 1.7M shares bought back in the last 18 months. The public float is less than 2 million. The outstanding shares are 9.9M. As soon as they finish what&#39;s left of the 1M share buyback, they will have about 200k shares left. Insiders own 40%, and institutions own 40%. The CEO&#39;s main income is from options that are at 5 to 9 dollar strikes. It will be hitting 52-week highs this month. Today&#39;s price is already a 52-week high as of July 25, which is in a few weeks. Once it breaks mid 20s it will be off to the races!",,,
ABNB,stocktwits,658038882,2026-07-01T14:58:15Z,$ABNB this sleeping giant has woken up $PLTR $NVDA $MU $META,1.0,bullish,stocktwits_label
ADBE,stocktwits,658721802,2026-07-10T02:08:32Z,"$ADBE if my theory confirms, we should gap up 5-6% but during day we will sell off and close flat or slightly red.",,,
ADBE,stocktwits,658709609,2026-07-09T21:57:26Z,"$ADBE They say AI will make what Adobe does obsolete,but they forgot to tell you it will take at least a couple of years for AI to have the same clarity as what Adpbe provides and by then they will be the leaders in that field also.",,,
ADBE,stocktwits,658708769,2026-07-09T21:44:22Z,$ADBE This guy is the smartest trader on Wall Street. He has brought stocks down to their knees almost single-handedly. Do exactly as he tells you. I am following him religiously and I am shorting huge quantities of Adobe. Do the same!,-1.0,bearish,stocktwits_label
ADBE,stocktwits,658705134,2026-07-09T20:54:36Z,$ADBE $GPRO 🤗,1.0,bullish,stocktwits_label
ADBE,stocktwits,658704426,2026-07-09T20:45:40Z,"$GPRO x $ADBE  
Mission 1 is moving so hard into professional movie making with their quality, you can&#39;t ignore th is unique chance to get into hardware, merge AI Tech and access existing training data collected by GoPro",,,
ADBE,stocktwits,658698384,2026-07-09T19:55:29Z,$ADBE Nicely said! Bulls take your profits and bears short more!,-1.0,bearish,stocktwits_label
ADBE,stocktwits,658695831,2026-07-09T19:38:07Z,$ADBE i still think we go lower. the volume just isnt there for me to believe it yet...,,,
ADBE,stocktwits,658695699,2026-07-09T19:37:09Z,$ADBE This whole day was a huge tease! Why did they start at $212? We all thought it would tank and we shorted. The SEC should investigate! I am going to write them a strongly worded letter.,-1.0,bearish,stocktwits_label
ADBE,stocktwits,658691051,2026-07-09T19:02:16Z,$ADBE push,1.0,bullish,stocktwits_label
ADBE,stocktwits,658688938,2026-07-09T18:46:02Z,"$MSFT $NOW $PLTR $CRM $ADBE Saas rally starts tomo,Be ready for a min 30% move in few weeks.",1.0,bullish,stocktwits_label
ADBE,stocktwits,658688507,2026-07-09T18:42:31Z,"$ADBE https://www.cnbc.com/2026/07/09/kalshi-traders-see-higher-gas-prices-lasting-through-election-day.html,,...",,,
ADBE,stocktwits,658686450,2026-07-09T18:25:54Z,$ADBE Dream on! In the meantime we are shorting with both hands!,-1.0,bearish,stocktwits_label
ADBE,stocktwits,658682215,2026-07-09T17:54:41Z,$ADBE,,,
ADBE,stocktwits,658682179,2026-07-09T17:54:22Z,"$ADBE someone once said “Charlie Munger and I would much rather earn a lumpy 15 percent over time than a smooth 12 percent.&quot;

You don’t get the chance to outperform without some volatility, almost the same thing that happened with $UNH and $GOOGL last year 

Peak uncertainty creates some of the best opportunities",,,
ADBE,stocktwits,658682046,2026-07-09T17:53:16Z,"$ON $ADBE 

see trolls like @ook__  where are you.🤭  u didnt follow cubie money making posts with these either. cant Teach these stupids 🙄",,,
ADBE,stocktwits,658677363,2026-07-09T17:16:19Z,"$ADBE  The sign is $225,35. The last lower low. If close above this level we can see some improve",1.0,bullish,stocktwits_label
ADBE,stocktwits,658673085,2026-07-09T16:43:17Z,$ADBE He was the company&#39;s great talent and they let him go for free!! They deserve Sharknado!!,-1.0,bearish,stocktwits_label
ADBE,stocktwits,658672476,2026-07-09T16:39:10Z,$ADBE This did not go too well but broker said &quot;be patient&quot;. Adobe should come down nicely. Some of you should take your profits here.,-1.0,bearish,stocktwits_label
ADBE,stocktwits,658667213,2026-07-09T16:02:41Z,$ADBE will buy below $200 again.,-1.0,bearish,stocktwits_label
ADBE,stocktwits,658656628,2026-07-09T14:48:13Z,$ADBE small gap to fill around 205,,,
ADBE,stocktwits,658651714,2026-07-09T14:18:53Z,"$ADBE Previous CFO was Indian turd who left for $MRVL  
He is already selling his marvel shares. (Sold 2250, Remaining 6900.)",,,
ADBE,stocktwits,658651083,2026-07-09T14:15:36Z,"$ADBE  
This fucking Indian clown CFO just left for $MRVL and already selling marvel  shares that were granted to him. 
 
ADBE will be just fine without trash",,,
ADBE,stocktwits,658649303,2026-07-09T14:05:50Z,"The rock bottom for $ADBE is around $150. The guys manipulating the market can&#39;t take it down more than that. That&#39;s the scenario in case of a new 2008 like crisis. But we are far away from that, and this company is printing cash. So now it&#39;s the moment to accumulate.",1.0,bullish,stocktwits_label
ADBE,stocktwits,658647590,2026-07-09T13:57:31Z,"$ADBE Nicely done, my friend! Soon enough we will be swimming in the golden rivers of King Solomon!",-1.0,bearish,stocktwits_label
ADBE,stocktwits,658646094,2026-07-09T13:50:05Z,$ADBE Thanks for the spike! I am shorting every cent of it!! Going back to $210 in a little bit. Then $150 for sure by next week!,-1.0,bearish,stocktwits_label
ADBE,stocktwits,658645209,2026-07-09T13:45:51Z,$ADBE found support at the uptrending 20 day ma.,,,
ADBE,stocktwits,658644909,2026-07-09T13:44:20Z,$ADBE no volume pump again. id be cautious,,,
ADBE,stocktwits,658644694,2026-07-09T13:43:18Z,$ADBE laundup is desperate.  The guy is going to lose his shirt,1.0,bullish,stocktwits_label
ADBE,stocktwits,658644141,2026-07-09T13:40:34Z,"$ADBE Fake news? CEO and CFO jump ship, they are giving out free stuff and much more. Wall Street hates them! What is fake about all this? Enough is enough! Short this into the pink sheets!! Who is with me?",-1.0,bearish,stocktwits_label
ADBE,stocktwits,658644111,2026-07-09T13:40:22Z,$ADBE,1.0,bullish,stocktwits_label
AMZN,stocktwits,658724116,2026-07-10T03:14:47Z,$AMZN 🧘🧘🧘🧘,,,
AMZN,stocktwits,658724096,2026-07-10T03:13:58Z,$AMZN 🧘🧘🧘🧘,,,
AMZN,stocktwits,658723952,2026-07-10T03:09:44Z,"ASTS Stock Eyes Worst Week In Over A Month: FCC Chair Says SPCX, AMZN Are Heating Up Satellite-To-Cell Competition

$ASTS $SPCX $AMZN $T

https://stocktwits.com/news/equity/markets/asts-fcc-chair-spcx-amzn-satellite-to-cell-competition/cZmApYPR7FB",,,
AMZN,stocktwits,658723936,2026-07-10T03:09:15Z,$AMZN,,,
AMZN,stocktwits,658721743,2026-07-10T02:06:34Z,$NVDA $AAPL $GOOGL $AMZN $META 6/5 on rate hike and here we go back into a war.,,,
AMZN,stocktwits,658721713,2026-07-10T02:05:41Z,$SPY $QQQ Who is ready for some $AMZN pampers?,,,
AMZN,stocktwits,658721680,2026-07-10T02:04:34Z,"$BB BlackBerry NAMED by Carney, AGAIN!!! 
 
$NVDA $AMZN $QCOM  
 
Why is the market cap for BlackBerry so tiny? 
 
Undervalued, by multiples. 
 
https://www.pm.gc.ca/en/news/news-releases/2026/07/09/prime-minister-carney-deepens-partnership-saudi-arabia-across-trade",,,
AMZN,stocktwits,658720938,2026-07-10T01:45:19Z,$AMZN 250 EOD,,,
AMZN,stocktwits,658717164,2026-07-10T00:22:13Z,$AMZN  20 point day up ⬆️ soon . It’s time . Not investment advice.,1.0,bullish,stocktwits_label
AMZN,stocktwits,658716814,2026-07-10T00:14:44Z,"$SYM $AMZN Amazon’s 1 million robot milestone is putting robotics stocks back in the spotlight, and Symbotic (SYM) may be one of the most direct AI warehouse automation plays to watch. https://globalmarketbulletin.com/is-symbotic-sym-a-good-choice-for-investors-betting-on-warehouse-robotics/",,,
AMZN,stocktwits,658715733,2026-07-09T23:53:55Z,$AMZN is blue origin going to trade under the amzn ticker? Or will the ipo it as a separate stock?,,,
AMZN,stocktwits,658715663,2026-07-09T23:52:11Z,"$AMZN Loom!

https://aws.amazon.com/blogs/opensource/building-secure-ai-agents-at-scale-introducing-loom-for-aws/",1.0,bullish,stocktwits_label
AMZN,stocktwits,658715499,2026-07-09T23:48:50Z,$AMZN The Bear case here is almost laughable. You might as well bet against Mother Nature.,1.0,bullish,stocktwits_label
AMZN,stocktwits,658715395,2026-07-09T23:46:30Z,"$DJT $SPY $TSLA $AMZN 

** “Monopoly”",-1.0,bearish,stocktwits_label
AMZN,stocktwits,658715382,2026-07-09T23:46:16Z,$AMZN $GOOGL $META $MSFT Just add when it’s red. Trust the big company. Better buy them than penny pump and dump stock. Easy money.,1.0,bullish,stocktwits_label
AMZN,stocktwits,658714415,2026-07-09T23:25:59Z,$AMZN back to $270 after earnings is granted,1.0,bullish,stocktwits_label
AMZN,stocktwits,658713260,2026-07-09T23:01:24Z,$AMZN Heading much higher.,1.0,bullish,stocktwits_label
AMZN,stocktwits,658712639,2026-07-09T22:50:01Z,"Still long 
$META $AMZN $MSFT $NFLX $GOOGL",1.0,bullish,stocktwits_label
AMZN,stocktwits,658712574,2026-07-09T22:48:23Z,"My July advice (8th):  
  
Stay focused, stay patient, and prioritize the opportunities with the strongest setups.  
  
$CRCL -Don’t buy  
$INTC -Buy at $103–$108  
$AMZN - Buy at $235–$240  
$GOOG -Buy at $353–$358  
$MU - Buy at $890–$899   
  
I often get asked why I don’t turn this into paid content, but for me, sharing stock information is just a hobby. I’m not financially struggling, so I choose to share it for free.  
  
If you want to see the high-conviction stocks I’m watching, my full portfolio, and every trade I make…  
  
Head to my profile.",,,
AMZN,stocktwits,658712495,2026-07-09T22:47:06Z,$META  nice stock reaction.  When does $AMZN $GOOG $MSFT start selling compute as well?  Since it’s SO SPECIAL AND IMPOSSIBLE TO OBTAIN.  Literally it’s burning through everyone’s free cash flow.  It’s coming.  $QQQ,-1.0,bearish,stocktwits_label
AMZN,stocktwits,658711331,2026-07-09T22:26:36Z,"Everyone ranks the Mag7 differently, but if I’m looking at a mix of growth, AI exposure, fundamentals, and upside potential, this is how I’d rank them right now: 
 
$AMZN - AI infrastructure, cloud growth, and multiple business engines. 
$NVDA - Still the AI leader, with unmatched demand for compute. 
$META - Strong execution, AI investment, and improving efficiency. 
$MSFT - Cloud + AI ecosystem remains one of the strongest stories. 
$AAPL - Great company, but growth acceleration needs to improve. 
GOOGL - Massive assets, but investors want clearer AI monetization. 
TSLA - Huge upside potential, but execution and valuation remain the debate. 
 
No list is perfect. The market changes fast, but these are the names I’d watch when thinking about risk vs reward. 
 
Want to see my highest-conviction names, portfolio moves, and trade ideas? Check my profile for more.",,,
AMZN,stocktwits,658710649,2026-07-09T22:15:06Z,"Amazon Web Services introduced Loom for AWS, an open-source platform designed to help enterprises build, deploy, and manage AI agents with built-in security, governance, and lifecycle controls. The platform integrates with Amazon Bedrock AgentCore, AWS Strands Agents, and the AWS Agent Registry to support large-scale AI agent deployments. 
Loom provides automated resource tagging, role- and attribute-based access controls, prevalidated deployment templates, and centralized credential management through AWS Secrets Manager. It supports both low-code Python agents and no-code deployments via AgentCore, while implementing OAuth2 authentication and token exchange to securely propagate user identity across agent workflows. 
The platform also includes human approval workflows for sensitive actions, leveraging Strands Agents hooks and the Model Context Protocol to enforce governance before production deployment.  $AMZN",,,
AMZN,stocktwits,658710490,2026-07-09T22:12:29Z,"$AMZN is close to breaking out on the daily chart here, with first upside target being the 50 DMA in the $254S. 
- Huge bullish crossover in the end of the day to finish with a $3.3M net bullish divergence, after starting the day deeply negative🟢 
- $FOX named AWS their preferred AI cloud provider yesterday ☁️",,,
AMZN,stocktwits,658709896,2026-07-09T22:02:07Z,"$AMZN $MSFT $GOOG $META $ORCL 
 
Hyperscaler setup is pretty clear: earnings revisions moving higher while price moves lower. 
 
That gap matters. 
 
No guarantee. Never is. But when estimates keep getting revised up and the tape is pricing them down, that’s usually where the R/R starts getting interesting. 
 
Not chasing strength here. Watching the disconnect.",,,
AMZN,stocktwits,658708676,2026-07-09T21:42:52Z,"$MSFT $AMZN $GOOG $META $ORCL  
EARNINGS REVISIONS for the major HYPERSCALERS $AMZN $MSFT $GOOG $META $ORCL. 
 
When there is a big gap with the white line (REVISIONS) going higher and the blue line (PRICE) going lower - you BUY. 
 
There are no guarantees but it is as high a probability bet as there is out there...",1.0,bullish,stocktwits_label
AMZN,stocktwits,658708422,2026-07-09T21:38:47Z,"$AMZN chart keeps cleaning up. 
 
$250 is the line. Clear that with real follow-through and the next upside pocket opens toward $300. 
 
Until then, no need to front-run it. Let price prove it.",,,
AMZN,stocktwits,658707573,2026-07-09T21:26:40Z,"$AMZN coiling tight on the 65min chart! A massive short squeeze is loading. 
 
$AMZN is packing a serious punch here! Today’s textbook undercut and reclaim of the 9/21/50 EMAs and range lows has formed a beautiful potential inverted head-and-shoulders structure right at a major weekly pivot. Buyers are defending this line aggressively. If trapped shorts are forced to cover into the end of the week, this thing is primed for an absolute face-ripping squeeze. 
 
Full real-time dark pool print maps and derivative flow data for $AMZN pinned on my profile.",,,
AMZN,stocktwits,658707439,2026-07-09T21:24:55Z,$AMZN Multiple Growth Engines,,,
AMZN,stocktwits,658707237,2026-07-09T21:21:59Z,$AMZN,,,
AMZN,stocktwits,658706939,2026-07-09T21:18:05Z,$SPY $MSFT $AMZN $WMT Cant go Wr9ng with Walmart right.. EVERYBODY SHOPS THERE... to burn their TRASH.....LOL,,,
CRWD,stocktwits,658716552,2026-07-10T00:09:42Z,"New Blog Post: US Stocks Watchlist 
 
There were 20 stocks highlighted from the US stocks watchlist scans today – $CRWD, $EXTR, $META 
 
https://www.stageanalysis.net/blog/1395813/us-stocks-watchlist-10-july-2026",,,
CRWD,stocktwits,658709686,2026-07-09T21:58:40Z,"Zero FOMO. Zero chasing. Discipline always outlasts the market noise! 
 
Kept it tight today and did absolutely nothing. Just sat back and enjoyed the green tape on my core long runners, $FTNT and $CRWD! Even after getting stopped out of yesterday&#39;s $DELL trade, avoiding chasing today&#39;s gap ups proved to be the absolute right decision. Tons of fake-out reversals printed, but without clean momentum, sitting on my hands was the winning play. 
 
Full institutional dark pool flow maps and premium core structural levels for $FTNT and $CRWD pinned on my profile.",,,
CRWD,stocktwits,658705859,2026-07-09T21:04:10Z,"Stocks to Watch in July  
 
$PLTR - 128 → 350  
$CRWD - 198 → 400  
$PANW - 336 → 630  
$NET - 274 → 420  
$DDOG - 268 → 480  
 
The focus is on businesses with strong demand trends, expanding markets, and the ability to compound over time. Watching price action and execution will matter most. 
 
Want to see my highest-conviction names, portfolio moves, and trade ideas? Check my profile for more.",,,
CRWD,stocktwits,658701796,2026-07-09T20:20:16Z,$CRWD Bought a boat load in March of this year. ~100% increase. Crazy gains. Sold 60% of my holdings on this beautiful SOB of stock today. All the best everyone. Had to lock in this sexy gain. Again. All the best everyone.  Time will tell.,1.0,bullish,stocktwits_label
CRWD,stocktwits,658691552,2026-07-09T19:05:38Z,"$CRWD new hod on quarter volume seems like some real conviction lol.  probably go higher when the market recovers though, can it get to 200.  definitely look for a short in the near term but for now might as well keep riding it up.",,,
CRWD,stocktwits,658687298,2026-07-09T18:32:52Z,"$CRWD 

Looking great for a possible breakout, needs a bit more time before new highs imo $SPY",,,
CRWD,stocktwits,658680554,2026-07-09T17:42:08Z,"The market is not just a handful of AI/memory names.  
 
There are many other sectors and stocks acting incredibly well that most investors are missing. The rally has broadened far beyond the obvious AI and memory trade. 
 
Here are some of the key sectors and names to watch: 
 
Cybersecurity 
$CRWD 
$FTNT 
$NET 
$OKTA 
$PANW  
 
The market is proving an important point: the AI rally is not only about chips and memory. Capital is expanding into the next layer of AI infrastructure, and cybersecurity is one of the most overlooked beneficiaries. 
 
CRWD leads with AI-powered endpoint security and threat detection. 
FTNT maintains strong positioning in enterprise network protection. 
NET benefits from edge computing, secure networking, and growing AI traffic. 
OKTA provides critical identity security infrastructure for enterprises. 
PANW continues expanding through a broader security platform ecosystem. 
 
The faster AI grows, the greater the security demand becomes. Do you think cybersecurity is the next overlooked AI infrastructure winner?",,,
CRWD,stocktwits,658679791,2026-07-09T17:35:42Z,$CRWD  Needham adjusts target price to $235 from $780 to reflect 4 for1 stock split,,,
CRWD,stocktwits,658678184,2026-07-09T17:22:52Z,"$RKLB $NVDA $CRWD 

“The company isn’t struggling. Investors are just worried about the wrong thing.”",1.0,bullish,stocktwits_label
CRWD,stocktwits,658675827,2026-07-09T17:04:40Z,"$CRWD Why?????

https://ca.finance.yahoo.com/news/morgan-stanley-keeps-overweight-rating-164425318.html
As of the latest Yahoo Finance institutional disclosures, Morgan Stanley holds 26.23 million shares of CrowdStrike Holdings, Inc. ($CRWD), representing a 10.30% ownership stake in the company. At the current trading price of roughly $201.52 per share, this total investment is valued at approximately $5.29 billion.Please note that these holdings largely reflect institutional assets managed on behalf of clients across Morgan Stanley&#39;s various mutual funds, ETFs, and advisory portfolios rather than a singular direct corporate investment.",-1.0,bearish,stocktwits_label
CRWD,stocktwits,658672295,2026-07-09T16:37:50Z,"$CRWD up over 3 bucks in 40 minutes on no volume and markets having a tiny pull back seems legit.  get calls for 200, looks like its heading there today if this tren continues.",,,
CRWD,stocktwits,658670137,2026-07-09T16:22:33Z,"$CRWD moving up over 5 bucks on that crazy volume only 7th of normal volume haha.  im sure new hod thoug, no reason to short.  markets seem to be running regardless of the news.  easy money play",,,
CRWD,stocktwits,658667579,2026-07-09T16:05:14Z,"$FTNT and $CRWD both holding up strong today, especially after the pre-market weakness.   
Looks like buyers stepped in fast and defended the names.   
Good tape on both so far.",,,
CRWD,stocktwits,658661595,2026-07-09T15:23:21Z,$CRWD seriously who is being an asshlole 196...whats wrong with you,,,
CRWD,stocktwits,658656962,2026-07-09T14:50:27Z,$CRWD just break 196.50 already,1.0,bullish,stocktwits_label
CRWD,stocktwits,658653252,2026-07-09T14:27:03Z,"$PANW They have the best CEO there is, plain and simple. BUY and HOLD PANW $ZS $CRWD $DDOG",1.0,bullish,stocktwits_label
CRWD,stocktwits,658652154,2026-07-09T14:21:13Z,"$CRWD 7/7/26 Opportunity 
Stifel adjusts target to $220 from $790 to reflect 4-for-1 stock split 
UBS raises target price to $235 from $198",,,
CRWD,stocktwits,658643632,2026-07-09T13:38:04Z,"$CRWD continues to outperform! 
📈 CrowdStrike has surged 62.7% YTD, leaving the tech sector&#39;s 15.3% gain far behind. 
🛡️ Strong AI-driven security demand and consistent execution have kept investors bullish. 
⚡ But CrowdStrike trades at a premium 145.6x forward P/E versus the tech sector&#39;s 24.5x. 
🤔 Can CRWD continue delivering the growth needed to support its rich multiple? 
💬 See the complete stock outlook here 👇 https://www.zacks.com/stock/quote/crwd?cid=sm-stocktwits-0-quote_overview-oc-38709&amp;ADID=SYND_STOCKTWITS_TWEET_0_QUOTEOVERVIEW_OC_38709",,,
CRWD,stocktwits,658642441,2026-07-09T13:31:33Z,$CRWD literally red everyday,,,
CRWD,stocktwits,658634523,2026-07-09T12:16:58Z,"$CRWD PAY 💰 TIENCE 

The ERUPTION Will Arrive 
Mark it",1.0,bullish,stocktwits_label
CRWD,stocktwits,658634280,2026-07-09T12:14:06Z,$CRWD why this street darling is tanking?,-1.0,bearish,stocktwits_label
CRWD,stocktwits,658633270,2026-07-09T12:01:44Z,"$CRWD
https://anachart.com/wp-content/uploads/2026/07/1783598483_soc-img.jpg",,,
CRWD,stocktwits,658598774,2026-07-08T20:22:40Z,"If you could only own ONE SaaS stock for the next decade, which would you pick?  
 
• $NOW | ServiceNow 
• $ZETA | Zeta Global 
• $CRWD | CrowdStrike 
• $MSFT | Microsoft 
• $SHOP | Shopify 
 
Different valuations. Different growth stories. Same question: 
 
Which SaaS leader are you picking and why?",,,
CRWD,stocktwits,658597315,2026-07-08T20:10:26Z,"The next decade of software could create some of the biggest winners in the market. 
 
If you could only own ONE SaaS stock for the next 10 years, who would it be? 
 
My watchlist: 
 
$NOW 
ServiceNow 
→ Enterprise AI workflow leader with deep customer integration 
 
$CRWD 
CrowdStrike 
→ Cybersecurity platform benefiting from rising digital threats 
 
$MSFT 
Microsoft 
→ Cloud + AI ecosystem with massive enterprise distribution 
 
$SHOP 
Shopify 
→ E-commerce infrastructure with long-term growth potential 
 
$TEAM 
Atlassianc 
→ Developer and enterprise collaboration software 
 
ADBE 
Adobe 
→ Creative software leader adapting to the AI era 
 
ZETA 
Zeta Global 
→ AI-powered marketing platform with data-driven growth potential 
 
Different valuations. 
Different growth rates. 
Different market opportunities. 
 
But only one can be your 10-year SaaS winner. 
 
Which one are you holding and why?",,,
CRWD,stocktwits,658590983,2026-07-08T19:28:12Z,$PANW $CRWD  these went up too much too fast,-1.0,bearish,stocktwits_label
CRWD,stocktwits,658590964,2026-07-08T19:28:01Z,"$CRWD I am watching for technical developments that cause a shift in this market.  at some point the security needs to be in the hardware and operating system. it makes no sense to engage in a back and forth battle with AI bots, makes much more sense to simply harden at the operating system/hardware level. 
 
I think AI will be quite useful in finding and eliminating security vulnerabilities and then making exploitation very difficult.  the key security risk in the future is the user, not the code.",,,
CRWD,stocktwits,658571795,2026-07-08T17:00:18Z,$CRWD,-1.0,bearish,stocktwits_label
CRWD,stocktwits,658566582,2026-07-08T16:21:27Z,"Revisiting $CRWD — that move was nasty in a good way.   
40-point rip, then some giveback.   
Strong momentum, but now it’s about whether bulls can hold the breakout and absorb the pullback.",,,
CRWD,stocktwits,658565616,2026-07-08T16:14:00Z,"$CRWD Oct 16 $190/$160 put spread is trading around $14.25 while shares sit near $186. 
 
Down 11% since the top we flagged 2 days ago. 
 
Still a big move, but the setup keeps leaning bearish after that sharp drop.",,,
CRWD,stocktwits,658564449,2026-07-08T16:05:05Z,"$CRWD was an absolute rocket! A massive 40-point explosion before pulling back a bit. This is exactly how monster stocks behave-the volatility here is pure gold, and every dip is worth watching.  
 
 The complete support level retest chart and my next tactical move are already waiting for you on my profile.",,,
DIS,stocktwits,658722165,2026-07-10T02:18:28Z,"$DIS I sold $99 puts 10x, looks like I will be getting $99,000 of the mouse tomorrow!",,,
DIS,stocktwits,658716861,2026-07-10T00:15:55Z,$DIS adults are fucking weird.,,,
DIS,stocktwits,658716363,2026-07-10T00:05:53Z,"$DIS one of the 
Funniest 
Things about the Spiderman sequels
Is
Disney doesn&#39;t get any of the movie money
This company is always a hoot",,,
DIS,stocktwits,658716201,2026-07-10T00:02:39Z,$DIS judge dugan gets the Good person award,,,
DIS,stocktwits,658715925,2026-07-09T23:57:28Z,"FUBO Stock Climbs After Hours As FuboTV Taps Former Disney Executive As CEO

$FUBO $DIS

https://stocktwits.com/news/equity/markets/fubo-stock-climbs-after-hours-as-fubo-tv-taps-former-disney-executive-as-ceo/cZmYguRR7FT",,,
DIS,stocktwits,658715279,2026-07-09T23:44:04Z,$DIS 120 by end of year,,,
DIS,stocktwits,658714416,2026-07-09T23:26:00Z,$DIS,1.0,bullish,stocktwits_label
DIS,stocktwits,658713625,2026-07-09T23:08:56Z,$DIS s$DIS so when is the support level,,,
DIS,stocktwits,658712977,2026-07-09T22:56:24Z,@spagooby If $JACK did this as a pilot store near $DIS or Knott&#39;s Berry Farm in SoCal... wew ... they gonna be like that scene from BLOW where the stash house was full of shoeboxes of money.,1.0,bullish,stocktwits_label
DIS,stocktwits,658707895,2026-07-09T21:31:24Z,"$DIS GS just reiterated a buy rating, and with a significant PT upside to over $160.  It doesn’t matter if you like the company, make some money and get in now while it’s on sale!",1.0,bullish,stocktwits_label
DIS,stocktwits,658701093,2026-07-09T20:13:54Z,$FUBO 1 month to $DIS earnings,,,
DIS,stocktwits,658701043,2026-07-09T20:13:29Z,"$DIS tomorrow breaking 99. I sold my weeklies but something happening. Activist position, Berkshire, no idea.",1.0,bullish,stocktwits_label
DIS,stocktwits,658697466,2026-07-09T19:49:55Z,"$DIS 
If this would go back down to 79 or $80, I will load the boat
Super strong support at that level",,,
DIS,stocktwits,658696680,2026-07-09T19:44:13Z,"$DIS trading at the same level from 10-15yrs ago!!! Absolutely insane with the addition of streaming revenue, the parks revenue and every movie they make hits 1Billion++.  Wallstreet is fkd in the head for keeping this down!! Should be the same MCAP of $NFLX at minimum!! That would put  it at $200/share  $SPY",,,
DIS,stocktwits,658695136,2026-07-09T19:32:57Z,$DIS traded from this morning and back in again to bottom fish for position,1.0,bullish,stocktwits_label
DIS,stocktwits,658693358,2026-07-09T19:19:29Z,$DIS what a pos its being today. Took advantage of the dip.,1.0,bullish,stocktwits_label
DIS,stocktwits,658682946,2026-07-09T18:00:03Z,"$DIS How I have felt with Disney..,, you would think with expensive theme parks and movie rights they would be a bit more profitable???😡",,,
DIS,stocktwits,658676242,2026-07-09T17:08:03Z,"$DIS So disney about to drop another deuce with Moana, estimated budget 250-300 million. Will likely not earn more than 500 million. Just lost money on mandalorian and grogu. Saved by Toy Story 5 which was an obvious one then spider-man is on deck which should be another billion dollar hit. But between July and November there is nothing. New IP in November called Hexed which doesn&#39;t look promising. Got doomsday in December but Dune 3 has all the imax screens. And 2027 looks dismal. Ice age in february but the last one only did 400 million. Last 4 months could be good with bluey movie, frozen 3 and next avengers. But overall the lineup is looking terrible.",,,
DIS,stocktwits,658672870,2026-07-09T16:41:48Z,"$DIS 

took 97C for tomorrow 🖖🏽",1.0,bullish,stocktwits_label
DIS,stocktwits,658671500,2026-07-09T16:31:42Z,$DIS loaded a bunch more on that dip this morning,1.0,bullish,stocktwits_label
DIS,stocktwits,658669527,2026-07-09T16:18:16Z,"$WBD $NFLX $DIS $AAPL $PSKY I watched 5 episodes of &quot;the Pitt &quot;, andv was completely turned off by the incessant Big Pharma, and Big Healthcare false narratives  being written into every episode.  It&#39;s disgustingly perverse that All of our Medua Companies have truly become Public Relations firms for their deep pocketed sponsors.  I know this how?  ... because I work in a large Media Company.",,,
DIS,stocktwits,658667318,2026-07-09T16:03:25Z,"$DIS If Disney dumped all its woke shit, I think they would be far more successful.",,,
DIS,stocktwits,658662705,2026-07-09T15:31:15Z,"Last year’s Drama Series champ The Pitt leads all Emmy nominees this year w/ 25, followed by the final season of Hacks on the comedy side w/ 24 — a record for nominations in a single season for a comedy. Widow’s Bay was 3rd w/ 19 noms, followed by Pluribus w/ 18 &amp; Beef w/ 16 
 
Top Corporate Nominations: 
&gt; $WBD w/ 128 noms (led by HBO Max: 122) 
&gt; $NFLX w/ 111 noms 
&gt; $DIS  w/ 109 (Led by ABC: 38 - F/X/Hulu: 23 &amp; Hulu: 23 
&gt; $AAPL w/ 87 
&gt; $PSKY  w/ 55 (Led by CBS: 32 - MTV: 11 &amp; Comedy Central: 8) 
&gt; CMCSA w/ 53 noms (led by NBC: 30 - Peacock: 18) 
&gt; AMZN w/ 39 noms (Led by Prime 28 - MGM+: 11) 
&gt; FoxA: 3 
 
Outstanding Drama Series: 
&gt; The Diplomat • Netflix • A Netflix Series 
&gt; The Gilded Age • HBO Max • HBO in association with Universal Television and Neamo Film and Television 
&gt; A Knight Of The Seven Kingdoms • HBO Max • HBO in association with GRRM and Friendly Wolf Pictures 
&gt; Paradise • Hulu • 20th Television 
&gt; The Pitt • HBO Max • HBO Max in association with John Wells Productions, R. Scott Gemmill Productions, and Warner Bros. Television 
&gt; Pluribus • Apple TV • Sony Pictures Television in association with Apple 
&gt; Slow Horses • Apple TV • See-Saw Films in association with Apple 
&gt; Your Friends &amp; Neighbors • Apple TV • Apple Studios / Tropper Ink",,,
DIS,stocktwits,658660896,2026-07-09T15:17:43Z,$DIS it’s really about to push 100 soon. Someone is buying up a lot today.,1.0,bullish,stocktwits_label
DIS,stocktwits,658655036,2026-07-09T14:37:51Z,"$DIS This hits a 80 handle and it is time to buy again and just dump when it hits over 105-110 
 
$DIA $SPY",,,
DIS,stocktwits,658652766,2026-07-09T14:24:22Z,$DIS $100 bounce inbound,1.0,bullish,stocktwits_label
DIS,stocktwits,658651397,2026-07-09T14:17:05Z,$DIS I don&#39;t know what the catalyst will be but one day calls on these with such low IV will print like a hyperscaler! Might be another decade though...,,,
DIS,stocktwits,658651283,2026-07-09T14:16:34Z,$DIS What $$$$ will they bid for FIFA broadcasting rights ???,,,
DIS,stocktwits,658649408,2026-07-09T14:06:20Z,"$CMCSA $DIS another down day and $SPY green. 

$NFLX",,,
DIS,stocktwits,658648513,2026-07-09T14:01:55Z,$BA $DIS are two stocks even analysts fail to understand.,,,
META,stocktwits,658724753,2026-07-10T03:37:28Z,$META buying puts prints nicely on meta. $SPY $QQQ this is a dumpster fire of a company lol,-1.0,bearish,stocktwits_label
META,stocktwits,658724578,2026-07-10T03:30:38Z,$META,,,
META,stocktwits,658724476,2026-07-10T03:26:43Z,$META we cooked today those calls will look so yummy! 😆 Zucknificent came through clutch!,1.0,bullish,stocktwits_label
META,stocktwits,658724368,2026-07-10T03:22:51Z,$META Wow! This is amazing!,1.0,bullish,stocktwits_label
META,stocktwits,658724361,2026-07-10T03:22:44Z,$META 😂😂😂😂😂😂😂😂😂,,,
META,stocktwits,658724342,2026-07-10T03:22:01Z,"$META fake pump. 
$400 after the ER. 
Watch for dilution news any day",-1.0,bearish,stocktwits_label
META,stocktwits,658724328,2026-07-10T03:21:19Z,$META $DELL $AAPL,,,
META,stocktwits,658724275,2026-07-10T03:19:36Z,$META 💥💥💥🤝🤝🧘🧘,,,
META,stocktwits,658724249,2026-07-10T03:18:43Z,$META FAAFO FAAFO 🤣🤷‍♂️ who’s been fu#%ing around 🤷‍♂️it was on sale,,,
META,stocktwits,658724147,2026-07-10T03:15:42Z,"$META finished strong on bad news... 
very strong sign of bottoming signal here 🫶",1.0,bullish,stocktwits_label
META,stocktwits,658724131,2026-07-10T03:15:17Z,"$META Thank God, maybe the dead is finally coming back to life, glad I hung in with this one. EPS and PE screams undervalued.",,,
META,stocktwits,658724017,2026-07-10T03:11:33Z,$META 18 more states take meta to trial in February.  I think meta gets broken up into pieces and sold off.,,,
META,stocktwits,658723989,2026-07-10T03:10:38Z,"Trade Ideas | 7/10/26 

These trade ideas are shared to provide structure, not signals.
Use them as areas of interest and allow price action to confirm your thesis before entering. Every trade should align with your own plan, risk management, and execution criteria.
Remember:
• Wait for confirmation.
• Define your risk.
• Don&#39;t chase price.
Market conditions can change quickly, and all entries are subject to change.
$TSLA $AAPL $META",,,
META,stocktwits,658723895,2026-07-10T03:07:53Z,$META still actionable,,,
META,stocktwits,658723739,2026-07-10T03:02:30Z,$META Strong Bullish here,1.0,bullish,stocktwits_label
META,stocktwits,658723737,2026-07-10T03:02:26Z,"$META be in the know - week free trial: intraday commentary, scalp alerts, market data https://itsallaboutheoptions.com",,,
META,stocktwits,658723717,2026-07-10T03:01:50Z,$META I regret I didn’t 10x my position below 600 dollars,1.0,bullish,stocktwits_label
META,stocktwits,658723694,2026-07-10T03:01:15Z,$META I regret didn’t buy more at sub 600 today.,1.0,bullish,stocktwits_label
META,stocktwits,658723525,2026-07-10T02:56:47Z,$META I see the same fomo comments that were posted when META announced they were selling AI compute. Now they&#39;re allegedly building it? How fucking dumb is this AI race.,-1.0,bearish,stocktwits_label
META,stocktwits,658723508,2026-07-10T02:56:26Z,"Everyone is looking at $META but the way I see it, you should be watching $NVDA https://share.trendspider.com/chart/NVDA/6682ecflh0",1.0,bullish,stocktwits_label
META,stocktwits,658723472,2026-07-10T02:55:24Z,$META $MU $SKHY $SNDK $SPY,1.0,bullish,stocktwits_label
META,stocktwits,658723397,2026-07-10T02:53:36Z,"$META at $643 still looks attractive. AI is accelerating, ad revenue remains strong, and Meta continues to print cash while investing for the future. Today&#39;s price could look cheap a few years from now. 🚀📈",,,
META,stocktwits,658723378,2026-07-10T02:52:56Z,$META $HGRAF  $HIMS $UBER $META $ASTS $UBER the 2026 countdown until oil shock hype train just started. ALL ABOARD! Uber guy trading leveraged ETF’s was the signal. NFA,,,
META,stocktwits,658723363,2026-07-10T02:52:36Z,$META Eric was right big news was coming,,,
META,stocktwits,658723258,2026-07-10T02:49:56Z,$META they have mythos level 5 llm. Instantly at the top of the race,,,
META,stocktwits,658723091,2026-07-10T02:45:14Z,"$META nice only whole market crash can stop this, 680 tomorrow",,,
META,stocktwits,658723068,2026-07-10T02:44:43Z,$META Cathy woods just bought a ton . We&#39;re fucked lol,,,
META,stocktwits,658723016,2026-07-10T02:43:00Z,"$META https://x.com/citrini/status/2075338534576103568?s=46

🚀🚀",1.0,bullish,stocktwits_label
META,stocktwits,658723003,2026-07-10T02:42:41Z,$META I shorted that fake algo candle on Tuesday and covered with nice gains. But today it showed strength… I wouldn’t dare try to short today’s strength,,,
META,stocktwits,658722988,2026-07-10T02:42:19Z,$META $SPY $QQQ  long and strong was the way. Short the pops along the way 🤗🏡🔐,,,
MSFT,stocktwits,658724685,2026-07-10T03:34:57Z,Chart of The Day from 10 July: Bearish #Elliottwave structure in #Microsoft $MSFT suggests downside risk https://elliottwave-forecast.com/news/bearish-elliott-wave-structure-in-microsoft-msft-suggests-downside-risk/ #trading,,,
MSFT,stocktwits,658724571,2026-07-10T03:30:23Z,Bearish Elliott Wave Structure In Microsoft Suggests Downside Risk $MSFT https://talkmarkets.com/article/bearish-elliott-wave-structure-in-microsoft-suggests-downside-risk-1783654205,,,
MSFT,stocktwits,658724510,2026-07-10T03:28:04Z,$MSFT what did u drink ?,,,
MSFT,stocktwits,658724482,2026-07-10T03:26:54Z,$MSFT wrong,-1.0,bearish,stocktwits_label
MSFT,stocktwits,658724193,2026-07-10T03:16:57Z,$MSFT I just need 420 tomorrow,,,
MSFT,stocktwits,658724159,2026-07-10T03:15:59Z,$MSFT can’t save this stock any more. $295-$340 after earnings!!,-1.0,bearish,stocktwits_label
MSFT,stocktwits,658723820,2026-07-10T03:05:31Z,$MSFT bullish here now. XBOX CEO named as federal reserve advisor. This means Microsoft will benefit from a trump pump.,1.0,bullish,stocktwits_label
MSFT,stocktwits,658723057,2026-07-10T02:44:18Z,"$SPY $qqq tome the biggest x factor is the FANG stocks . 

Seems like they are either poised to make the greatest comeback of all time or it&#39;s a huge fake out.

Still can&#39;t wrap my head around the $MSFT pump to high $400s and cash to mid $350s all in like 2 weeks or whatever it was 

That has me real puzzled deciphering what&#39;s really going on here.  I just pay what they give us daily but helps inform days like today which was a bear roast (including me) that sweep had me fooled NGL",,,
MSFT,stocktwits,658722735,2026-07-10T02:34:25Z,$MSFT $SPY This story pisses me off. As an investor I don’t support this laying off Americans and then hiring foreign nationals. FU MSFT. Going to liquidate my positions. This is bullshit. I don’t care what target there is a year from now. This dude has it right.,,,
MSFT,stocktwits,658722466,2026-07-10T02:26:27Z,$MSFT should pull a META move for us tomorrow.,1.0,bullish,stocktwits_label
MSFT,stocktwits,658722426,2026-07-10T02:25:29Z,$MSFT one or the best longterm lnvestments you couid ever make,,,
MSFT,stocktwits,658721995,2026-07-10T02:13:52Z,$META $MSFT only if they fire nadella. he is lacking behind compare to google.,,,
MSFT,stocktwits,658721942,2026-07-10T02:12:40Z,$MSFT the days are coming when this rallies 10-20% quickly before leveling off. Patience,1.0,bullish,stocktwits_label
MSFT,stocktwits,658721853,2026-07-10T02:10:07Z,$MSFT look at meta and then this piece of shit. Meta always goes up just as easily as they fall while we fall 10x easier and impossible to go up,,,
MSFT,stocktwits,658721770,2026-07-10T02:07:20Z,$MSFT $SPY $QQQ Microsoft trading with a lower P/E then the S and P lol,,,
MSFT,stocktwits,658721752,2026-07-10T02:06:52Z,$MSFT wow strong recovery today.,1.0,bullish,stocktwits_label
MSFT,stocktwits,658721689,2026-07-10T02:04:51Z,"$SPY George Gammon made a pretty good case that all these AI companies are a giant financial circle jerk, and we’re the suckers funding it. 

$MSFT just laid off (slated for replacement) 1600 Americans from the XBox  division, with 4800 total layoffs. Meanwhile, 2800 h-1b visa holders will get jobs.",-1.0,bearish,stocktwits_label
MSFT,stocktwits,658720956,2026-07-10T01:45:37Z,$MSFT the pattern is here again. Next week more downside. Calls are going to Zero,-1.0,bearish,stocktwits_label
MSFT,stocktwits,658719984,2026-07-10T01:22:27Z,$META $MSFT did you even see the volume last time it hit 350 a couple weeks ago,,,
MSFT,stocktwits,658719903,2026-07-10T01:20:40Z,$META $MSFT,1.0,bullish,stocktwits_label
MSFT,stocktwits,658719864,2026-07-10T01:19:45Z,$META $MSFT,,,
MSFT,stocktwits,658719703,2026-07-10T01:16:12Z,"$MSFT $META meta will fall, 
msft will decline below $300 any day now",-1.0,bearish,stocktwits_label
MSFT,stocktwits,658719513,2026-07-10T01:11:16Z,$MSFT will make same move like $META any given day 15-20% in a week and could move 50% in 1 month 🤔🚀🚀,1.0,bullish,stocktwits_label
MSFT,stocktwits,658718803,2026-07-10T00:55:44Z,"$MSFT is the past, not the future 
 
https://www.investing.com/news/stock-market-news/starbucks-working-on-ai-tools-to-replace-microsoft-and-ibm-software--report-4783482",-1.0,bearish,stocktwits_label
MSFT,stocktwits,658717332,2026-07-10T00:25:02Z,$MSFT Bill Door is out.,-1.0,bearish,stocktwits_label
MSFT,stocktwits,658717292,2026-07-10T00:24:25Z,$MSFT calls loaded,1.0,bullish,stocktwits_label
MSFT,stocktwits,658716968,2026-07-10T00:17:57Z,"$META $METU 

ok cubie answer my own question bc cubie followers too lazy to respond. thanks $GOOGL 😅.
explained why $GOOGL and $MSFT red. cubie teaches",,,
MSFT,stocktwits,658716952,2026-07-10T00:17:40Z,$META $MSFT bro… market cap. If you scale MSFT would be like 1000 vs meta 600 .. or something like that.,1.0,bullish,stocktwits_label
MSFT,stocktwits,658716756,2026-07-10T00:13:32Z,"$MSFT does this dumb ass Indian baldy even look at his stock? $META already above 600, msft still under 400. wtf man GTFO Nadella",1.0,bullish,stocktwits_label
MSFT,stocktwits,658716633,2026-07-10T00:11:32Z,$MSFT Will long some calls,,,
NKE,stocktwits,658724488,2026-07-10T03:27:09Z,"$NKE  
https://www.nss-sports.com/en/lifestyle/46069/nike-tour-de-france-2026-nimbl-visma 
Just over a year ago, Nike announced its return to the world of cycling by signing a sponsorship agreement with the Team Visma-Lease a Bike, laying the groundwork for a new rivalry with adidas. Since then, the partnership has continued to grow, and for the 2026 edition of the Tour de France, the Swoosh will once again take center stage during the world&#39;s most iconic stage race. Both on and off the bike.",,,
NKE,stocktwits,658724216,2026-07-10T03:17:50Z,$NKE why is everything sold out online,,,
NKE,stocktwits,658723523,2026-07-10T02:56:43Z,"$NKE France T-shirts on the Nke website, all sold out 🤯🤩",,,
NKE,stocktwits,658723427,2026-07-10T02:54:18Z,$NKE $NKE all sold out of Norway stock on the Nike website 🤯🤩,,,
NKE,stocktwits,658723193,2026-07-10T02:48:11Z,"$NKE The 17-year-old tennis player beat the second seed of the contest, the German Jamie Mackenzie, with a solid 6-3 and 6-4. This victory not only confirms the good level that the Australian is going through on the London grass, but also marks Hewitt&#39;s entry into the antepenultimate round of a Grand Slam tournament for the first time.",,,
NKE,stocktwits,658722312,2026-07-10T02:22:04Z,$NKE Dividend cut would bring the NKE price to $20ish. That&#39;s because the value returned for investors will be lower.,,,
NKE,stocktwits,658722254,2026-07-10T02:20:31Z,$NKE Nike investors waiting for the reversal for the past few years 😆this is comical at this point,,,
NKE,stocktwits,658721961,2026-07-10T02:13:13Z,$NKE this stock is in purgatory 😂,,,
NKE,stocktwits,658719216,2026-07-10T01:04:55Z,"$NKE I have to admit that in about two months I&#39;ve invested around $500 USD in Nike clothing! And I don&#39;t regret it at all! Everything is top quality. From the raw materials to all the attention drawn to the iconic Swoosh. I should point out that here in Argentina, 40% of people wear Nike and 35% Adidas. Then Puma makes up 10% and other brands 5%. While Nike isn&#39;t cheap, I think its clothing lasts for years, which is justifiable. As an investor, besides reinvesting my dividends, I feel obligated to support this wonderful brand.",,,
NKE,stocktwits,658718894,2026-07-10T00:57:55Z,"$NKE $NKE if Norway wins over England, my god, what that demand will be! They exploded and that in Asia the sale of Norwegian shirts will also explode quite well, especially the 9, the new messi?",,,
NKE,stocktwits,658715798,2026-07-09T23:55:03Z,$NKE https://www.myjoyonline.com/norwegian-football-jerseys-sold-out-ahead-of-three-lions-showdown/,,,
NKE,stocktwits,658713892,2026-07-09T23:14:33Z,$NKE I want to be bullish…,,,
NKE,stocktwits,658713312,2026-07-09T23:02:31Z,$NKE didn’t Apple  buy  shares  of  this  or  something  last  year?,,,
NKE,stocktwits,658712674,2026-07-09T22:50:37Z,"$NKE $NKE in terms of the dividend, I would like them to cut it by half and the other half to use it to add that money to the current buyback! We need the CEO, in addition to making what he does well, to dedicate himself to eliminating stocks to get the speculation out! In Blackberry, they did it and as soon as they clenched their fist, they shot themselves into the sky. At that moment, TF DO NOT LIKE! I said buy everything at 3.2 now if you want to buy back, you must pay 11!",,,
NKE,stocktwits,658712431,2026-07-09T22:46:08Z,"$NKE $NKE there are some stocks that are difficult to sell, but for that there are 2x1, 3x2, etc. Today in Argentina, that is being implemented! Every day of massive offers are only Small workshop and very few Mediums. I think Nike is executing the strategies well! The Nike store today was crowded with people, I went to 2 because in the first one very few workshops and many varieties.",,,
NKE,stocktwits,658710924,2026-07-09T22:19:59Z,$NKE,,,
NKE,stocktwits,658710913,2026-07-09T22:19:44Z,$NKE,,,
NKE,stocktwits,658710898,2026-07-09T22:19:34Z,$NKE,,,
NKE,stocktwits,658710088,2026-07-09T22:05:29Z,$NKE FIFA World Cup 2026. Quarterfinal: France (NIKE team) defeats Morocco (PUMA team) 2-0!,1.0,bullish,stocktwits_label
NKE,stocktwits,658710057,2026-07-09T22:04:55Z,$NKE $NKE today Renew my fitness closet 2 pants 2 muscular 1 shirt and 3 pairs of stockings 🤩 I must confess that my dividend was reinvested and that I am spent with my current but happy flow! Nike stores in Argentina are crowded with people!,,,
NKE,stocktwits,658709405,2026-07-09T21:54:11Z,"$LULU 

you takin bout woke 🐷 Heidi that drove $NKE into the ground???

Can you imagine the complacency and  pure witless  oafs in control of this company making that choice at an athleisue company, I mean can you just imagine it?

Stock down  35+% since she was announced, wait til she gets in there this ship will SINK!!!

fair value 62 36",-1.0,bearish,stocktwits_label
NKE,stocktwits,658709404,2026-07-09T21:54:11Z,$NKE New slogan for the stock. Just do nothing,1.0,bullish,stocktwits_label
NKE,stocktwits,658709403,2026-07-09T21:54:10Z,"$NKE cutting dividend by half would immediately increase share value to be $75+ just with the current sales (assuming no increase in sales). Honestly, I would prefer dividend cut rather than staying at these levels. What the heck, $42 a share for such a  global brand???",,,
NKE,stocktwits,658707898,2026-07-09T21:31:29Z,$NKE dead money….,,,
NKE,stocktwits,658706156,2026-07-09T21:07:33Z,$NKE i got time... Just don&#39;t mess with those divs,,,
NKE,stocktwits,658705342,2026-07-09T20:57:23Z,$NKE I’m gonna keep buying,1.0,bullish,stocktwits_label
NKE,stocktwits,658704272,2026-07-09T20:43:54Z,"$NKE Board of Directors are asleep at the wheel.  Fire the entire C-Suite, even the new CFO that hasn&#39;t started",-1.0,bearish,stocktwits_label
NKE,stocktwits,658701320,2026-07-09T20:15:48Z,$NKE You are the board clown! You have no shred of credibility left. I am doing the exact opposite from what you are doing and I will win all the time. I went all in on a huge short!! Trellis shoes are dominating again! https://suziesbombshellboutique.com/products/irregular-choice-trellis-shoes-black-red,-1.0,bearish,stocktwits_label
NKE,stocktwits,658699031,2026-07-09T19:59:05Z,$NKE I am! About time people listened to me,,,
NKE,stocktwits,658695821,2026-07-09T19:38:04Z,$NKE Maybe they should suspend the dividend and initiate aggressive buybacks. Stock is beyond dead.,,,
NVDA,stocktwits,658724656,2026-07-10T03:33:26Z,"$MU $DRAM $NVDA  Bears are fucked on fake news, still plenty of room to buy this dip for people that haven&#39;t already.",1.0,bullish,stocktwits_label
NVDA,stocktwits,658724538,2026-07-10T03:29:02Z,$NVDA 210 incoming this week. The earnings rally will be upon us too AH loading.,1.0,bullish,stocktwits_label
NVDA,stocktwits,658724411,2026-07-10T03:24:22Z,$NVDA $SPY $QQQ  the most manipulated stock in the market. Every time you think it’s going higher it goes lower.,,,
NVDA,stocktwits,658724084,2026-07-10T03:13:42Z,"$QQQ $SPY  $NVDA $AAPL AMZN GOOGL TSLA MSFT  
 
0 DTE&#39;s",,,
NVDA,stocktwits,658723907,2026-07-10T03:08:12Z,$INFQ $NVDA should be very interesting! 👍🏼,,,
NVDA,stocktwits,658723658,2026-07-10T03:00:27Z,$NVDA omg we’re gonna gap up 😩,,,
NVDA,stocktwits,658723508,2026-07-10T02:56:26Z,"Everyone is looking at $META but the way I see it, you should be watching $NVDA https://share.trendspider.com/chart/NVDA/6682ecflh0",1.0,bullish,stocktwits_label
NVDA,stocktwits,658723507,2026-07-10T02:56:25Z,"$NVDA 205+ open , fuhqqqqqq lemme busstttt 💦💦💦💦",,,
NVDA,stocktwits,658723468,2026-07-10T02:55:21Z,$NVDA Jensen needs a haircut,-1.0,bearish,stocktwits_label
NVDA,stocktwits,658723423,2026-07-10T02:54:02Z,$SOXL $DRAM.X $NVDA $MU https://www.youtube.com/watch?v=TY8MX17-voY,1.0,bullish,stocktwits_label
NVDA,stocktwits,658723382,2026-07-10T02:53:05Z,$NVDA grind up and fuck em allllll night long,,,
NVDA,stocktwits,658723107,2026-07-10T02:45:37Z,$NVDA the stock market lets literally anyone trade and it shows . Idiots galore…,,,
NVDA,stocktwits,658723103,2026-07-10T02:45:31Z,$INFQ $NVDA where is ionq,,,
NVDA,stocktwits,658723020,2026-07-10T02:43:09Z,$NVDA buy at 5 soon,-1.0,bearish,stocktwits_label
NVDA,stocktwits,658722973,2026-07-10T02:41:57Z,$NVDA Has Lost The Momentum Get Out Now You&#39;ve Been Warned,-1.0,bearish,stocktwits_label
NVDA,stocktwits,658722660,2026-07-10T02:31:59Z,"$50 trillion company by 2040 $NVDA 

$10 trillion company by 2040 $AMD",,,
NVDA,stocktwits,658722604,2026-07-10T02:30:18Z,$AMD Do your homework and know what you&#39;re shorting against. Over 70% institutional ownership stock going into the best earnings in history. $INTC $NVDA $ARM,1.0,bullish,stocktwits_label
NVDA,stocktwits,658722450,2026-07-10T02:26:05Z,$AMD $BTC.X $MU $NVDA $SMCI   Not hype.  It is sales and earnings.  MU is sold out for two years.  New facilities will increase sales and maintain earnings growth.  At least to 2030.  When new facilities come online…go MU.,,,
NVDA,stocktwits,658722338,2026-07-10T02:22:50Z,$NVDA bought 197.5 puts to hedge 205 calls I bought after scalping  $META 600 and 620 lottos. Took profit very very early on those. Now I’m watching the chart thinking of what could have been. I’m kinda pissed at myself. What the hell was I thinking. It made sense at the time.,,,
NVDA,stocktwits,658722270,2026-07-10T02:20:51Z,$AMD $BTC.X $MU $NVDA $SMCI   AI stocks will continue rising through 2030.  By then I will retire.,1.0,bullish,stocktwits_label
NVDA,stocktwits,658722017,2026-07-10T02:14:28Z,"$BTC.X 

Bitcoin makes us excited 24/7/365…

That’s another reason we love Bitcoin…

$SPY $QQQ $NVDA $SPCX",1.0,bullish,stocktwits_label
NVDA,stocktwits,658721860,2026-07-10T02:10:23Z,$NVDA this will be up $10-20 and takeover the Chip Rally tomorrow.  its just a powder keg to the Upside.  mark this… $215-$220 tomorrow,1.0,bullish,stocktwits_label
NVDA,stocktwits,658721816,2026-07-10T02:08:51Z,$NVDA Since When Did Companies Become Worth 5 Trillion,-1.0,bearish,stocktwits_label
NVDA,stocktwits,658721743,2026-07-10T02:06:34Z,$NVDA $AAPL $GOOGL $AMZN $META 6/5 on rate hike and here we go back into a war.,,,
NVDA,stocktwits,658721686,2026-07-10T02:04:41Z,$META wish I bought this dip instead of that shit stock $NVDA,,,
NVDA,stocktwits,658721680,2026-07-10T02:04:34Z,"$BB BlackBerry NAMED by Carney, AGAIN!!! 
 
$NVDA $AMZN $QCOM  
 
Why is the market cap for BlackBerry so tiny? 
 
Undervalued, by multiples. 
 
https://www.pm.gc.ca/en/news/news-releases/2026/07/09/prime-minister-carney-deepens-partnership-saudi-arabia-across-trade",,,
NVDA,stocktwits,658721627,2026-07-10T02:02:54Z,$NVDA this or $IREN  or both..,,,
NVDA,stocktwits,658721554,2026-07-10T02:00:37Z,"$RUM $RDDT $INTC Someone spent $300K on calls on RUMBLE. Given how close the company is to the Trump administration AND Vice Presidenf JD Vance having 10% of his stock portfolio in RUM, its not hard to see that someone knows something. Perhaps a US government CLOUD CONTRACT or with one of the big AI companies now that we have 9 DATA CENTERS, 22k $NVDA GPUs and 300k CPUS. Lets go!!",1.0,bullish,stocktwits_label
NVDA,stocktwits,658721524,2026-07-10T01:59:44Z,$RUM $INTC $RDDT The record short float holders better hope that RUMBLE doesnt land a deal with $NVDA or a CLOUD contract with one of the big Ai companies for a cloud deal with our 9 DATA CENTERS valued at $16 billion (RUM market cap is only $3 billion right now),1.0,bullish,stocktwits_label
NVDA,stocktwits,658721300,2026-07-10T01:53:59Z,$NVDA doubled my short. See you at 165,,,
PLTR,stocktwits,658724737,2026-07-10T03:36:55Z,"$DJT $PLTR $SPCX 

Guess we’ll,be subject to MAGAT distraction and deflection for the next few days

https://www.click2houston.com/news/local/2026/07/09/harris-county-medical-examiner-rules-death-of-lorenzo-salgado-araujo-a-homicide/",-1.0,bearish,stocktwits_label
PLTR,stocktwits,658724515,2026-07-10T03:28:12Z,"$PLTR LISTEN I CAN ONLY BRING  YOU THE WATER ,I CANT MAKE YOU DRINK IT",1.0,bullish,stocktwits_label
PLTR,stocktwits,658724383,2026-07-10T03:23:26Z,"$DJT $PLTR $SPCX 

You mean heavy MAGAT pedo

Yeah",-1.0,bearish,stocktwits_label
PLTR,stocktwits,658724343,2026-07-10T03:22:04Z,$PLTR Phuccc the day to day b.s. Here&#39;s what we know. Karpus Maximus told us that FCF would be around $18 BILLION in 2028---from $4.5 Billion in 2026. You tell me what the stock price is after we go from here to there......thaaaaaat is all we need to know!,1.0,bullish,stocktwits_label
PLTR,stocktwits,658723446,2026-07-10T02:54:59Z,$PLTR ceo needs a haircut,-1.0,bearish,stocktwits_label
PLTR,stocktwits,658722588,2026-07-10T02:29:48Z,$DJT $PLTR $SPCX Another Conservative pedophile. https://time.com/4941261/amber-tamblyn-james-woods/,,,
PLTR,stocktwits,658722471,2026-07-10T02:26:39Z,$PLTR going down like the Titanic,-1.0,bearish,stocktwits_label
PLTR,stocktwits,658722154,2026-07-10T02:18:08Z,"$PLTR $TSLA 

Keep pumping

You might get 5 followers

Or in terms you can understand

10 million fewer than your hero musky",-1.0,bearish,stocktwits_label
PLTR,stocktwits,658721913,2026-07-10T02:11:57Z,$PLTR holding all,,,
PLTR,stocktwits,658721633,2026-07-10T02:02:59Z,$PLTR manipulation,,,
PLTR,stocktwits,658721449,2026-07-10T01:57:38Z,"$PLTR survey me, daddy.",,,
PLTR,stocktwits,658721159,2026-07-10T01:50:36Z,$PLTR,1.0,bullish,stocktwits_label
PLTR,stocktwits,658721139,2026-07-10T01:50:07Z,$PLTR need 135 Friday,1.0,bullish,stocktwits_label
PLTR,stocktwits,658720855,2026-07-10T01:43:05Z,$PLTR it’s Gap Fill Friday,1.0,bullish,stocktwits_label
PLTR,stocktwits,658720187,2026-07-10T01:26:51Z,$PLTR,1.0,bullish,stocktwits_label
PLTR,stocktwits,658720182,2026-07-10T01:26:50Z,$PLTR what it’s gunna be red for the next two weeks? lol Jesus,,,
PLTR,stocktwits,658719998,2026-07-10T01:22:41Z,$PLTR view PAID FOR BY da Bears!!!,,,
PLTR,stocktwits,658719929,2026-07-10T01:21:09Z,$PLTR fk all the commies here,1.0,bullish,stocktwits_label
PLTR,stocktwits,658719486,2026-07-10T01:10:46Z,$PLTR No one is trying to pump a company  that’s moat is irreplaceable. Institutions and pensions won’t just buy something without looking into it and take “this risk “ lol.. Seperatly there’s been upgrades across the board for a reason especially for long term holders. Earnings as always will be crushed and reason it’s this price is because it’s been noticed that this is not “hype” anymore. Rule of 140 look it up . “Oh it won’t beat earnings” yet we did 14x going in 15 soon with plenty of business especially through this ongoing war. 👍🏼👍🏼👍🏼,1.0,bullish,stocktwits_label
PLTR,stocktwits,658719434,2026-07-10T01:09:37Z,$PLTR GUNNA KILL IT TOMORROW,1.0,bullish,stocktwits_label
PLTR,stocktwits,658718858,2026-07-10T00:57:03Z,"$PLTR Fuck da  bears 🐻’s 
 
Thanks STOCKTWITS!!!",,,
PLTR,stocktwits,658718600,2026-07-10T00:50:58Z,$PLTR,,,
PLTR,stocktwits,658718206,2026-07-10T00:42:20Z,$PLTR $ONDS palantir is partners with us. look at the 10x revenue increase YOY.,1.0,bullish,stocktwits_label
PLTR,stocktwits,658718022,2026-07-10T00:38:39Z,$PLTR $PLTZ,,,
PLTR,stocktwits,658718015,2026-07-10T00:38:30Z,"@GoLooong 
$TSM $PLTR 
All bullish",1.0,bullish,stocktwits_label
PLTR,stocktwits,658717905,2026-07-10T00:36:22Z,"$RXT Rackspace and  $PLTR announced a definitive  agreement establishing an operating framework to deploy Palantir Foundry and AIP in mid-market, regulated and sovereign environments, naming Rackspace a preferred partner.Since the companies&#39; initial February 2026 announcement, the partnership has built measurable momentum. Rackspace has scaled to approximately 400 Palantir certifications across sales, engineering, delivery, and operations, including a large global cohort of Palantir-certified forward deployed engineers (FDEs)  
 
&quot;As we look beyond 2026, our current plan is to ramp the Enterprise AI business up to cumulative capacity of 15 MW by the end of 2027 and a total of 30 MW of capacity by the end of 2028. We expect to average $15-20 million of annual revenue per MW deployed as GPU and customer mix evolves. This translates to $450-$600 million of annual revenue at the full 30 MW of AMD deployments and we expect Adjusted EBITDA margins for Enterprise AI to be in the 50%+ range,&quot;",1.0,bullish,stocktwits_label
PLTR,stocktwits,658717847,2026-07-10T00:35:13Z,@Adaman111 $PLTR $TSM,1.0,bullish,stocktwits_label
PLTR,stocktwits,658717810,2026-07-10T00:34:33Z,$PLTR,1.0,bullish,stocktwits_label
PLTR,stocktwits,658717516,2026-07-10T00:28:25Z,$PLTR You clowns are too worried about your personal feelings about the company that&#39;s it&#39;s clouding your common sense. Keep crying while the rest of us make money.,1.0,bullish,stocktwits_label
PLTR,stocktwits,658717123,2026-07-10T00:21:13Z,"$PLTR really feels like they are trying to pump this again, but no one is falling for it.  The market sees this stock for what is is now.  An extremely overpriced risk, pushing nothing but a exhausted narrative and clinging to old hype.  If growth drops next ER which I am sure it will and may miss remarkably due to lack of any substantial contracts this quarter.  The growth is unsustainable, and that&#39;s all this stock has to keep it so overpriced.  Growth will fall off hard soon. I predict 20% yoy revenue growth at best soon if not 15 to 10%. 
which will make this stock impossibly too expensive to justify it&#39;s valuaiton even slightly.  it&#39;s just a matter of time. teh quarter before last was 6% reveneu growth, and last quater had random military contacts that boosted the report, but are few and far between in general.",,,
TSLA,stocktwits,658724768,2026-07-10T03:37:54Z,$BTC.X $TSLA $XBOTF,,,
TSLA,stocktwits,658724322,2026-07-10T03:21:11Z,"Ford $F gave a nice guidance raise on adjusted EBIT on last quarter... 
 
 
also look at the tone of management during their latest quarterly release, it has gotten more positive than the quarters before (although not as positive as we had years ago) 
 
Turnaround? 
 $GM $TSLA $STLA $NIO",,,
TSLA,stocktwits,658724076,2026-07-10T03:13:29Z,$TSLA once more 🧘🧘🧘,,,
TSLA,stocktwits,658723989,2026-07-10T03:10:38Z,"Trade Ideas | 7/10/26 

These trade ideas are shared to provide structure, not signals.
Use them as areas of interest and allow price action to confirm your thesis before entering. Every trade should align with your own plan, risk management, and execution criteria.
Remember:
• Wait for confirmation.
• Define your risk.
• Don&#39;t chase price.
Market conditions can change quickly, and all entries are subject to change.
$TSLA $AAPL $META",,,
TSLA,stocktwits,658723961,2026-07-10T03:09:55Z,"$TSLA simple math here. If you think the chart needs one bearish day to complete a setup, then buy calls that day because it wont. If you think it needs a green day or to just stay stagnant for a day to create a bullish setup, then buy puts. The whole game here is to destroy any setup, so do the opposite of what it needs",,,
TSLA,stocktwits,658723785,2026-07-10T03:03:58Z,$TSLA should hold above 400 imo,1.0,bullish,stocktwits_label
TSLA,stocktwits,658722968,2026-07-10T02:41:44Z,"$TSLA Technical analysis doesn&#39;t need to be that complex.  For example this is simply showing that buy interest in stronger than sell interest at this level, thereby giving us a reference point for a support level.  Make sense? 
https://share.trendspider.com/chart/TSLA/6682ebuxy1",1.0,bullish,stocktwits_label
TSLA,stocktwits,658722679,2026-07-10T02:32:45Z,$DOGE.X $DOW $SPXS $TSLA $WEN Amen,1.0,bullish,stocktwits_label
TSLA,stocktwits,658722521,2026-07-10T02:28:09Z,$TSLA who wanna play 0dte Fridays ? https://x.com/altjxcx1990/status/2075406591994560775?s=46,,,
TSLA,stocktwits,658722395,2026-07-10T02:24:30Z,$TSLA 420,1.0,bullish,stocktwits_label
TSLA,stocktwits,658722154,2026-07-10T02:18:08Z,"$PLTR $TSLA 

Keep pumping

You might get 5 followers

Or in terms you can understand

10 million fewer than your hero musky",-1.0,bearish,stocktwits_label
TSLA,stocktwits,658721873,2026-07-10T02:10:51Z,$TSLA Now’s a good time to SELL Tesla and put your profits in Rivian. This is where Elon’s poor reputation will drive consumers straight into the hands of another,,,
TSLA,stocktwits,658721857,2026-07-10T02:10:16Z,"Wall Street analysts launched coverage of SpaceX with overwhelmingly bullish ratings after the IPO quiet period expired, with firms including Morgan Stanley, JPMorgan, and Goldman Sachs assigning buy-equivalent recommendations. The average price target is about $236, implying roughly 58% upside, while Raymond James issued the Street&#39;s most bullish target of $800, citing SpaceX&#39;s long-term AI infrastructure, Starlink, and space-services growth potential despite ongoing concerns about profitability, execution, and valuation. 
Analysts increasingly view SpaceX as a long-term AI and connectivity platform rather than solely a launch company, expecting AI services and Starlink to become its primary value drivers. Morgan Stanley highlighted AI cloud demand as a major growth catalyst, while Bloomberg Intelligence said launch operations will gradually become less important than AI and satellite communications. SpaceX is also expected to benefit from index inclusion. 
$SPCX $MS $JPM $GS $TSLA",,,
TSLA,stocktwits,658721507,2026-07-10T01:59:19Z,"$TSLA Valuation multiples are expanding aggressively while profitability is falling off a cliff. They are being priced like a hyper-growth tech monopoly, but their margins are bleeding out like a legacy automaker in a price war.",,,
TSLA,stocktwits,658721499,2026-07-10T01:59:02Z,"$TSLA $SPCX $DJT 

He’s been a bootlicker for this admin for awhile

All the government contract $$$$

So what a few hits he puts out mean to him",-1.0,bearish,stocktwits_label
TSLA,stocktwits,658720952,2026-07-10T01:45:35Z,"$TSLA What an overpriced piece of garbage. P/E over 300 like it’s some type of growth stock? 
Gotta be the billionaire class propping up their fellow traveler, right? What else explains this?",,,
TSLA,stocktwits,658720803,2026-07-10T01:41:38Z,"$SPY $BTC.X $SLV $TSLA $GME  All of its fake, the market, the money, the politicians,  the food, the Healthcare,  the media, the whole narrative. 

It&#39;s all designed to demoralize and defeat you.

I do not claim to know the way out of this, but fuck man we should at least try  it doesn&#39;t need to be this way. 

We could have a state designed for peace,  isolation,  only to develop and advance arms for our own protection.  This world is only one realm,  an entire universe to conquer

What are we doing? No seriously tell me, even if you&#39;re a successful slave in this system are you truly hapoy and content? Is constant division to put your ego on a throne truly success? What&#39;s the point of achieving such greatness if you can&#39;t advance the rest of society?",,,
TSLA,stocktwits,658720775,2026-07-10T01:40:52Z,"$SPXS  Betring EBOLA Virus is out there and continuing  --- backed Stock from USA 
#SPXS ... Inverse for BEARS ... Betting The Virus is expending  --- Jesus Loves You All 
#EBola #Virus #USA Backed -- Ticker SPXS 
$WEN $DOGE.X $DOW $TSLA",,,
TSLA,stocktwits,658720016,2026-07-10T01:23:02Z,$TSLA WE NEED RALLY LIKE $META,1.0,bullish,stocktwits_label
TSLA,stocktwits,658719733,2026-07-10T01:17:01Z,$TSLA  Tesla trades at roughly 320x 26E EPS,,,
TSLA,stocktwits,658719481,2026-07-10T01:10:40Z,$DJT $SPY $TSLA,,,
TSLA,stocktwits,658719128,2026-07-10T01:02:47Z,$TSLA $407.5 monthly pivot. It&#39;s 7/9,,,
TSLA,stocktwits,658718742,2026-07-10T00:54:29Z,$TSLA  Never ..EVER Doubt Elon !!  Trust the Process 🤑🤑🤑🤑🤑🤑🤑🤑🤑🤑🤑,1.0,bullish,stocktwits_label
TSLA,stocktwits,658718697,2026-07-10T00:53:14Z,"$TSLA couldn’t break through 50dma resistance today, will need some news tomorrow to breakout",,,
TSLA,stocktwits,658718610,2026-07-10T00:51:14Z,$DJT $SPY $TSLA,-1.0,bearish,stocktwits_label
TSLA,stocktwits,658718546,2026-07-10T00:49:49Z,$TSLA $385 support $438 resistance,1.0,bullish,stocktwits_label
TSLA,stocktwits,658718222,2026-07-10T00:42:42Z,$TSLA WEN is this monthly gonna go bruh😭 I want $600 now,1.0,bullish,stocktwits_label
TSLA,stocktwits,658718177,2026-07-10T00:41:49Z,"$BABA $HOOD $NIO $TSLA 
STFU Nut!",,,
TSLA,stocktwits,658718155,2026-07-10T00:41:31Z,"@MarsX 
Starship (launch costs decimated, eventually eating airlines lunch) 
Mars (insane upside, insanely hard) 
Ai model either enterprise eats up or with $TSLA merge fueling Optimus",1.0,bullish,stocktwits_label
TSLA,stocktwits,658718061,2026-07-10T00:39:33Z,"$TSLA to $500-600? Bullish ?

Tesla: Why A Big Earnings Beat Is Likely

Jul 09, 2026 at 2:17 PM ETTesla, Inc. (TSLA) Stock, TSLA:CA Stock, ZTSL:CA Stock",1.0,bullish,stocktwits_label
